[{"id":"801183","name":"John May","phone":"655399855","address":{"street":"Main road","houseNumber":23,"city":"Kansas","zip":"48898"},"birthday":{"day":22,"month":2,"year":1988}},{"id":"592405","name":"Laura Conor","phone":"729300221","address":{"street":"Blackberry st.","houseNumber":280,"city":"Detroit","zip":"87722"},"birthday":{"day":22,"month":1,"year":1992}},{"id":"966068","name":"Lewis Winslow","phone":"818378308","address":{"street":"Highest Drive","houseNumber":1209,"city":"Los Angeles","zip":"90071"},"birthday":{"day":4,"month":11,"year":1975}},{"id":"310406","name":"Carol Baskin","phone":"554988070","address":{"street":"Evergreen Terace","houseNumber":724,"city":"Anaheim","zip":"65501"},"birthday":{"day":15,"month":5,"year":1995}},{"id":"312903","name":"Maurice Moss","phone":"771888020","address":{"street":"Lexington","houseNumber":68,"city":"Rockford","zip":"88632"},"birthday":{"day":31,"month":7,"year":1977}}]